{
  "average_metrics": {
    "iou": 0.7365578333975905,
    "dice": 0.8209393070230215,
    "precision": 0.4492489392619948,
    "recall": 0.4497461829293489,
    "f1": 0.4397528018662912
  },
  "all_metrics": {
    "iou": [
      0.13951663527934716,
      0.1903469460750279,
      0.8299171934823257,
      0.8523028739867354,
      0.8509342248292553,
      0.8233343191516329,
      0.0,
      0.886060471320587,
      0.8624102277759593,
      0.6708233715750185,
      0.8590517472997904,
      0.8035684647302904,
      0.8658314669652856,
      0.8643782958913636,
      0.572590909090909,
      0.8358668180652723,
      0.8802373975849648,
      0.20337348263856214,
      0.7111389034574576,
      0.881838885652243,
      0.8704693998811646,
      0.833296419342931,
      0.8744011484114218,
      0.07694020710388598,
      0.8604208728063364,
      0.8316899073282257,
      0.7727979811946902,
      0.8450679543595935,
      0.6778570429430689,
      0.7744061003030599,
      0.7350412454978505,
      0.904827659461469,
      0.8004224757076468,
      0.8945740544361965,
      0.7643003202982211,
      0.5581322957198444,
      0.8463944433659052,
      0.8265246659298704,
      0.8105137897242055,
      0.8867595111453977,
      0.8321098655133823,
      0.8238003268459367,
      0.8733828839883603,
      0.7980898269341373,
      0.29379745022203124,
      0.8079677325631078,
      0.8545978996120173,
      0.8277272989223351,
      0.777282766692466,
      0.37346104932759694,
      0.7247313407260532,
      0.7988141759870637,
      0.844194195297177,
      0.8602403667451369,
      0.8830872938163742,
      0.8455940672588832
    ],
    "dice": [
      0.24486985263732158,
      0.31981759049768105,
      0.9070543699334456,
      0.9202629720616134,
      0.919464574607083,
      0.9031084541145711,
      0.0,
      0.9395886131901999,
      0.926122735919183,
      0.8029853819229151,
      0.9241827168581522,
      0.8910872866147229,
      0.928091826400003,
      0.9272563382615573,
      0.7282134289099159,
      0.9105963568164133,
      0.9363045312421524,
      0.3380055910698614,
      0.8311878153438922,
      0.9372097604907511,
      0.9307496823378939,
      0.9090689432988776,
      0.9329925444747054,
      0.14288668320922693,
      0.9249744349603559,
      0.908112125311955,
      0.8718398705235727,
      0.9160290843085178,
      0.8080033347226889,
      0.872862306064784,
      0.8472896507850529,
      0.9500362460267896,
      0.8891496151679077,
      0.9443537478426285,
      0.8664061458300393,
      0.7164119468583535,
      0.9168078320500817,
      0.9050243682408765,
      0.8953411946645181,
      0.9399814930382685,
      0.9083624090197534,
      0.9033887259692792,
      0.9324125798874386,
      0.8877085170932268,
      0.4541629760848634,
      0.8937855670881881,
      0.9215991237676976,
      0.9057448552749559,
      0.874686663550912,
      0.5438247404400118,
      0.8403991086760946,
      0.8881564162108413,
      0.9155155107307352,
      0.9248701212200918,
      0.9379143459956866,
      0.9163380856709051
    ],
    "precision": [
      0.1230024213074777,
      0.49942036985895694,
      0.4944144449984093,
      0.4937195180516639,
      0.4953733000608342,
      0.4940235508853138,
      0.0,
      0.48860473954560085,
      0.495645630691886,
      0.49949411508555225,
      0.4987261477668072,
      0.490582766526011,
      0.4973716215536584,
      0.49567991492750063,
      0.36413828987680463,
      0.4977696343072236,
      0.4993012915519268,
      0.16939355344368193,
      0.4966541284532217,
      0.4986871399618124,
      0.47731271313446455,
      0.49884536765919024,
      0.4976866435658669,
      0.07254402771578895,
      0.4899461658357019,
      0.4986293056543236,
      0.498056165131223,
      0.4946490238314477,
      0.41051561529332886,
      0.4810177313577264,
      0.497444566755714,
      0.4957131495741765,
      0.4959491119458011,
      0.4975278424896054,
      0.49865407319946886,
      0.36510406818606245,
      0.48886784695308066,
      0.4891076864535187,
      0.4990840714639233,
      0.48622474536645116,
      0.4738286059924744,
      0.4870657472879258,
      0.49663579908488786,
      0.49929671911283036,
      0.2353503671969724,
      0.49902885975462885,
      0.48777405479351105,
      0.49723623019484897,
      0.49766126400516125,
      0.27409393307511193,
      0.48018814370278484,
      0.45919078726529744,
      0.4665383819069205,
      0.49334438654660195,
      0.4943814302580015,
      0.49144338807254495
    ],
    "recall": [
      0.49075351918254595,
      0.15996817257534082,
      0.4582227203900991,
      0.46558178853929255,
      0.4637144996702324,
      0.4565421108117071,
      0.0,
      0.4803196104897223,
      0.4668598409438648,
      0.40181947435113985,
      0.4631847330602968,
      0.4532974427994086,
      0.46633306003972497,
      0.46740549630754386,
      0.49994046910336554,
      0.45716346298313615,
      0.46876646159040397,
      0.4966107536761853,
      0.4179341576469814,
      0.4697639424432926,
      0.4869158671422651,
      0.4554928923818385,
      0.46852816340143566,
      0.4520032706452134,
      0.47143540924315575,
      0.45519237382030575,
      0.43740828425517647,
      0.46259859305047296,
      0.49037002057535495,
      0.45200054778257004,
      0.42549685576885976,
      0.47895308956646,
      0.4478271660382627,
      0.4744029542983097,
      0.4342185074380909,
      0.48715261605331334,
      0.46817802171572986,
      0.46182001908713166,
      0.44840739665016477,
      0.4828493417197658,
      0.4781722457788254,
      0.46279681175140186,
      0.46916963293590325,
      0.44440993788815564,
      0.4640971488908854,
      0.4476714456165179,
      0.4716955746655524,
      0.45516389026794396,
      0.439148473245759,
      0.49278777492127507,
      0.4352927338488495,
      0.4821341430352326,
      0.4899282507769009,
      0.4682778776977891,
      0.47400976339429823,
      0.4655974320900881
    ],
    "f1": [
      0.19670317192501105,
      0.24231953563130326,
      0.4756310961619544,
      0.4792379876390096,
      0.47902137772372283,
      0.474543866725632,
      0.0,
      0.4844267475603967,
      0.48082228044266867,
      0.4453643279999391,
      0.48029882981141875,
      0.47120367392937307,
      0.4813524978747338,
      0.4811276581245774,
      0.4213677595026868,
      0.47660320508407383,
      0.48355230619099376,
      0.2526189638149558,
      0.4539063657430654,
      0.4837936344982456,
      0.48206646423374355,
      0.4761844442361042,
      0.4826674254307809,
      0.12502261386401733,
      0.48051257644782763,
      0.47592177825643706,
      0.46576626288006345,
      0.4780872494269316,
      0.44690367005189685,
      0.4660579124706275,
      0.4586663717000773,
      0.4871890141607115,
      0.47066129575323995,
      0.4856902912724252,
      0.46421093205153935,
      0.41738927520489777,
      0.4782992886093924,
      0.4750723265336793,
      0.47239050559092327,
      0.4845311600711669,
      0.4759905116474595,
      0.47462123954656676,
      0.48251216119047263,
      0.4702571925953364,
      0.31231916715026886,
      0.4719571070664207,
      0.4796000907594918,
      0.4752707810060428,
      0.46657751997724306,
      0.3522580763886241,
      0.45663959275698207,
      0.47038285554645115,
      0.47794731811363683,
      0.48048442406908604,
      0.4839813164334984,
      0.47817140563448335
    ]
  }
}